Workbook

Sheet KPIs CEO Proyectos
A1: Nº | B1: Área | C1: KPI Mensual
A2: 1 | B2: Leads | C2: Leads Totales Ingresados
A3: 2 | B3: Leads | C3: Ranking de Fuentes de Leads
A4: 3 | B4: Leads | C4: Costo por Lead (CPL)
A5: 4 | B5: Leads | C5: Leads Calificados
A6: 5 | B6: Leads | C6: Cantidad de Leads que Respondieron
A7: 6 | B7: Leads | C7: Leads Perdidos
A8: 7 | B8: Marketing | C8: Inversión Publicitaria Total Mensual
A9: 8 | B9: Comercial | C9: Reuniones Generadas Totales del Equipo
A10: 9 | B10: Comercial | C10: Reuniones Generadas por Asesor
A11: 10 | B11: Comercial | C11: Visitas Realizadas Totales del Equipo
A12: 11 | B12: Comercial | C12: Visitas Realizadas por Asesor
A13: 12 | B13: Comercial | C13: Negociaciones Abiertas Totales del Equipo
... A51: 50 | B51: CEO | C51: Diferencia entre Objetivo y Resultado por Asesor

Sheet Carga Asesores
A1: Carga mensual por asesor
A3: Mes | B3: Asesor | C3: Leads | D3: Respondieron | E3: Reuniones | F3: Objetivo Reuniones | G3: Dif. Reuniones | H3: Visitas | I3: Negociaciones | J3: Cierres | K3: Seguimientos | L3: Recuperados | M3: Facturación USD | N3: Objetivo USD | O3: Dif. USD | P3: % Obj. USD | Q3: Conv. Lead-Reunión | R3: Conv. Reunión-Visita | S3: Conv. Visita-Cierre | T3: Conv. Lead-Cierre
A4: Mayo 2026 | B4: Julita | C4: 0 | D4: 0 | E4: 0 | F4: 0 | G4: =E3-F3 | H4: 0 | I4: 0 | J4: 0 | K4: 0 | L4: 0 | M4: 0 | N4: 0 | O4: =M3-N3 | P4: =IF(N3=0,0,M3/N3) | Q4: =IF(C3=0,0,E3/C3) | R4: =IF(E3=0,0,H3/E3) | S4: =IF(H3=0,0,J3/H3) | T4: =IF(C3=0,0,J3/C3)
A5: Mayo 2026 | B5: Cecilia | C5: 0 | D5: 0 | E5: 0 | F5: 0 | G5: =E4-F4 | H5: 0 | I5: 0 | J5: 0 | K5: 0 | L5: 0 | M5: 0 | N5: 0 | O5: =M4-N4 | P5: =IF(N4=0,0,M4/N4) | Q5: =IF(C4=0,0,E4/C4) | R5: =IF(E4=0,0,H4/E4) | S5: =IF(H4=0,0,J4/H4) | T5: =IF(C4=0,0,J4/C4)
A6: Mayo 2026 | B6: Carina | C6: 0 | D6: 0 | E6: 0 | F6: 0 | G6: =E5-F5 | H6: 0 | I6: 0 | J6: 0 | K6: 0 | L6: 0 | M6: 0 | N6: 0 | O6: =M5-N5 | P6: =IF(N5=0,0,M5/N5) | Q6: =IF(C5=0,0,E5/C5) | R6: =IF(E5=0,0,H5/E5) | S6: =IF(H5=0,0,J5/H5) | T6: =IF(C5=0,0,J5/C5)
A7: TOTAL EQUIPO | B7: Equipo completo | C7: =SUM(C3:C6) | D7: =SUM(D3:D6) | E7: =SUM(E3:E6) | F7: =SUM(F3:F6) | G7: =E7-F7 | H7: =SUM(H3:H6) | I7: =SUM(I3:I6) | J7: =SUM(J3:J6) | K7: =SUM(K3:K6) | L7: =SUM(L3:L6) | M7: =SUM(M3:M6) | N7: =SUM(N3:N6) | O7: =M7-N7 | P7: =IF(N7=0,0,M7/N7) | Q7: =IF(C7=0,0,E7/C7) | R7: =IF(E7=0,0,H7/E7) | S7: =IF(H7=0,0,J7/H7) | T7: =IF(C7=0,0,J7/C7)

Sheet Pautas Publicitarias
A1: Carga y ranking de pautas publicitarias
A3: Mes | B3: Campaña | C3: Proyecto | D3: Formato | E3: Inversión USD | F3: Impresiones | G3: Clics | H3: Leads | I3: Leads Respondidos | J3: Reuniones | K3: CTR | L3: CPC USD | M3: CPL USD | N3: Costo por Reunión | O3: Conv. Lead-Reunión | P3: Ranking Reuniones | Q3: Ranking CPL
A4: Mayo 2026 | B4: Video recorrido | C4: Proyecto A | D4: Reel | E4: 0 | F4: 0 | G4: 0 | H4: 0 | I4: 0 | J4: 0 | K4: =IF(F3=0,0,G3/F3) | L4: =IF(G3=0,0,E3/G3) | M4: =IF(H3=0,0,E3/H3) | N4: =IF(J3=0,0,E3/J3) | O4: =IF(H3=0,0,J3/H3) | P4: =RANK(J3,$J$3:$J$7,0) | Q4: =RANK(M3,$M$3:$M$7,1)
A5: Mayo 2026 | B5: Amenities + financiación | C5: Proyecto A | D5: Carrusel | E5: 0 | F5: 0 | G5: 0 | H5: 0 | I5: 0 | J5: 0 | K5: =IF(F4=0,0,G4/F4) | L5: =IF(G4=0,0,E4/G4) | M5: =IF(H4=0,0,E4/H4) | N5: =IF(J4=0,0,E4/J4) | O5: =IF(H4=0,0,J4/H4) | P5: =RANK(J4,$J$3:$J$7,0) | Q5: =RANK(M4,$M$3:$M$7,1)
A6: Mayo 2026 | B6: Ubicación estratégica | C6: Proyecto B | D6: Historia | E6: 0 | F6: 0 | G6: 0 | H6: 0 | I6: 0 | J6: 0 | K6: =IF(F5=0,0,G5/F5) | L6: =IF(G5=0,0,E5/G5) | M6: =IF(H5=0,0,E5/H5) | N6: =IF(J5=0,0,E5/J5) | O6: =IF(H5=0,0,J5/H5) | P6: =RANK(J5,$J$3:$J$7,0) | Q6: =RANK(M5,$M$3:$M$7,1)
A7: Mayo 2026 | B7: Inversores renta | C7: Proyecto C | D7: Imagen | E7: 0 | F7: 0 | G7: 0 | H7: 0 | I7: 0 | J7: 0 | K7: =IF(F6=0,0,G6/F6) | L7: =IF(G6=0,0,E6/G6) | M7: =IF(H6=0,0,E6/H6) | N7: =IF(J6=0,0,E6/J6) | O7: =IF(H6=0,0,J6/H6) | P7: =RANK(J6,$J$3:$J$7,0) | Q7: =RANK(M6,$M$3:$M$7,1)
A8: TOTAL | B8: Testimonio / Obra | C8: Proyecto D | D8: Reel | E8: =SUM(E3:E7) | F8: =SUM(F3:F7) | G8: =SUM(G3:G7) | H8: =SUM(H3:H7) | I8: =SUM(I3:I7) | J8: =SUM(J3:J7) | K8: =IF(F8=0,0,G8/F8) | L8: =IF(G8=0,0,E8/G8) | M8: =IF(H8=0,0,E8/H8) | N8: =IF(J8=0,0,E8/J8) | O8: =IF(H8=0,0,J8/H8) | P8: =RANK(J7,$J$3:$J$7,0) | Q8: =RANK(M7,$M$3:$M$7,1)

Sheet Fuentes y Desarrollos
A1: Fuentes de leads y desarrollos
A3: Mes | B3: Fuente | C3: Leads | D3: Respondieron | E3: Reuniones | F3: Inversión USD | G3: CPL | H3: Costo por Reunión | I3: Conv. Lead-Reunión
A4: Mayo 2026 | B4: Meta Ads | C4: 0 | D4: 0 | E4: 0 | F4: 0 | G4: =IF(C4=0,0,F4/C4) | H4: =IF(E4=0,0,F4/E4) | I4: =IF(C4=0,0,E4/C4)
A5: Mayo 2026 | B5: Portales | C5: 0 | D5: 0 | E5: 0 | F5: 0 | G5: =IF(C5=0,0,F5/C5) | H5: =IF(E5=0,0,F5/E5) | I5: =IF(C5=0,0,E5/C5)
A6: Mayo 2026 | B6: Base Relacional | C6: 0 | D6: 0 | E6: 0 | F6: 0 | G6: =IF(C6=0,0,F6/C6) | H6: =IF(E6=0,0,F6/E6) | I6: =IF(C6=0,0,E6/C6)
A7: Mayo 2026 | B7: Referidos | C7: 0 | D7: 0 | E7: 0 | F7: 0 | G7: =IF(C7=0,0,F7/C7) | H7: =IF(E7=0,0,F7/E7) | I7: =IF(C7=0,0,E7/C7)
A8: Mayo 2026 | B8: WhatsApp / Orgánico | C8: 0 | D8: 0 | E8: 0 | F8: 0 | G8: =IF(C8=0,0,F8/C8) | H8: =IF(E8=0,0,F8/E8) | I8: =IF(C8=0,0,E8/C8)
A9: TOTAL FUENTES | C9: =SUM(C4:C8) | D9: =SUM(D4:D8) | E9: =SUM(E4:E8) | F9: =SUM(F4:F8) | G9: =IF(C9=0,0,F9/C9) | H9: =IF(E9=0,0,F9/E9) | I9: =IF(C9=0,0,E9/C9)
A12: Mes | B12: Desarrollo | C12: Leads | D12: Reuniones | E12: Visitas | F12: Reservas/Cierres | G12: Ranking por Leads | H12: Ranking por Cierres | I12: Conv. Lead-Cierre
A13: Mayo 2026 | B13: Proyecto A | C13: 0 | D13: 0 | E13: 0 | F13: 0 | G13: =RANK(C13,$C$13:$C$17,0) | H13: =RANK(F13,$F$13:$F$17,0) | I13: =IF(C13=0,0,F13/C13)
A14: Mayo 2026 | B14: Proyecto B | C14: 0 | D14: 0 | E14: 0 | F14: 0 | G14: =RANK(C14,$C$13:$C$17,0) | H14: =RANK(F14,$F$13:$F$17,0) | I14: =IF(C14=0,0,F14/C14)
A15: Mayo 2026 | B15: Proyecto C | C15: 0 | D15: 0 | E15: 0 | F15: 0 | G15: =RANK(C15,$C$13:$C$17,0) | H15: =RANK(F15,$F$13:$F$17,0) | I15: =IF(C15=0,0,F15/C15)
A16: Mayo 2026 | B16: Proyecto D | C16: 0 | D16: 0 | E16: 0 | F16: 0 | G16: =RANK(C16,$C$13:$C$17,0) | H16: =RANK(F16,$F$13:$F$17,0) | I16: =IF(C16=0,0,F16/C16)
A17: Mayo 2026 | B17: Proyecto E | C17: 0 | D17: 0 | E17: 0 | F17: 0 | G17: =RANK(C17,$C$13:$C$17,0) | H17: =RANK(F17,$F$13:$F$17,0) | I17: =IF(C17=0,0,F17/C17)

Sheet Dashboard CEO
A1: Dashboard CEO - Proyectos Inmobiliarios
A3: Leads Totales | D3: Respondieron | G3: Reuniones | J3: Objetivo Reuniones
A4: ='Carga Asesores'!C7 | D4: ='Carga Asesores'!D7 | G4: ='Carga Asesores'!E7 | J4: ='Carga Asesores'!F7
A6: Diferencia Reuniones | D6: Visitas | G6: Cierres | J6: Facturación USD
A7: ='Carga Asesores'!G7 | D7: ='Carga Asesores'!H7 | G7: ='Carga Asesores'!J7 | J7: ='Carga Asesores'!M7
A9: Objetivo USD | D9: Diferencia USD | G9: % Objetivo USD | J9: Conv. Lead-Cierre
A10: ='Carga Asesores'!N7 | D10: ='Carga Asesores'!O7 | G10: ='Carga Asesores'!P7 | J10: ='Carga Asesores'!T7
A13: Ranking de asesores | H13: Ranking de pautas publicitarias
A14: Asesor | B14: Reuniones | C14: Obj. Reun. | D14: Dif. Reun. | E14: Facturación USD | F14: % Objetivo | H14: Campaña | I14: Formato | J14: Leads | K14: Reuniones | L14: Ranking
A15: ='Carga Asesores'!B3 | B15: ='Carga Asesores'!E3 | C15: ='Carga Asesores'!F3 | D15: ='Carga Asesores'!G3 | E15: ='Carga Asesores'!M3 | F15: ='Carga Asesores'!P3 | H15: ='Pautas Publicitarias'!B3 | I15: ='Pautas Publicitarias'!D3 | J15: ='Pautas Publicitarias'!H3 | K15: ='Pautas Publicitarias'!J3 | L15: ='Pautas Publicitarias'!P3
A16: ='Carga Asesores'!B4 | B16: ='Carga Asesores'!E4 | C16: ='Carga Asesores'!F4 | D16: ='Carga Asesores'!G4 | E16: ='Carga Asesores'!M4 | F16: ='Carga Asesores'!P4 | H16: ='Pautas Publicitarias'!B4 | I16: ='Pautas Publicitarias'!D4 | J16: ='Pautas Publicitarias'!H4 | K16: ='Pautas Publicitarias'!J4 | L16: ='Pautas Publicitarias'!P4
A17: ='Carga Asesores'!B5 | B17: ='Carga Asesores'!E5 | C17: ='Carga Asesores'!F5 | D17: ='Carga Asesores'!G5 | E17: ='Carga Asesores'!M5 | F17: ='Carga Asesores'!P5 | H17: ='Pautas Publicitarias'!B5 | I17: ='Pautas Publicitarias'!D5 | J17: ='Pautas Publicitarias'!H5 | K17: ='Pautas Publicitarias'!J5 | L17: ='Pautas Publicitarias'!P5
A18: ='Carga Asesores'!B6 | B18: ='Carga Asesores'!E6 | C18: ='Carga Asesores'!F6 | D18: ='Carga Asesores'!G6 | E18: ='Carga Asesores'!M6 | F18: ='Carga Asesores'!P6 | H18: ='Pautas Publicitarias'!B6 | I18: ='Pautas Publicitarias'!D6 | J18: ='Pautas Publicitarias'!H6 | K18: ='Pautas Publicitarias'!J6 | L18: ='Pautas Publicitarias'!P6
H19: ='Pautas Publicitarias'!B7 | I19: ='Pautas Publicitarias'!D7 | J19: ='Pautas Publicitarias'!H7 | K19: ='Pautas Publicitarias'!J7 | L19: ='Pautas Publicitarias'!P7
